algo,p_pdr_vs_SHEER,p_bits_per_joule_vs_SHEER,p_overhead_ratio_vs_SHEER
ACTAR,0.8467749495975723,4.211971602897365e-09,8.634811308109446e-08
DST_WOA,3.319309522517341e-07,3.129929356167502e-09,1.5154915893030718e-09
TFSM_DPC,0.08305518950548027,3.5387014980880324e-11,0.0002797628245890248
TRAIL,1.071168429609767e-17,0.00017812464864300039,8.183866696862713e-07
