algo,p_pdr_vs_SHEER,p_bits_per_joule_vs_SHEER,p_overhead_ratio_vs_SHEER
ACTAR,0.6900138626820802,2.488427711160972e-10,6.071833464450656e-07
DST_WOA,3.7673642981313956e-06,6.889795538096922e-09,1.0732246132408672e-09
TFSM_DPC,0.07060315249958216,1.8211811189570325e-11,0.00293639614071749
TRAIL,1.7892632571423983e-15,0.0015185711161256929,2.184704179512575e-06
