algo,p_pdr_vs_SHEER,p_bits_per_joule_vs_SHEER,p_overhead_ratio_vs_SHEER
ACTAR,0.09894639549202643,3.1436109811524895e-13,1.0375464653918378e-14
DST_WOA,2.0829273730251724e-09,9.610088990205184e-15,2.340091100214957e-15
TFSM_DPC,0.0010180132162920554,6.0358827524892416e-21,2.3720601057601717e-09
TRAIL,4.731261992287212e-30,1.382601692458382e-07,4.574560732082852e-12
