algo,auc_norm_mean,auc_norm_std,n,auc_norm_ci95
ACTAR,0.7560880479729981,0.004081022021157361,10,0.002529443654559581
DST_WOA,0.7648996359289716,0.003361810597713602,10,0.0020836717959699376
SHEER,0.7541599662168383,0.004491006534663554,10,0.002783554688702406
TFSM_DPC,0.7580831829476142,0.004482922311816125,10,0.0027785440354695973
TRAIL,0.7802403331711563,0.003336343838363593,10,0.0020678873349927315
