algo,seed,auc_raw,auc_norm
ACTAR,42,0.29844787522798494,0.7461196880699623
DST_WOA,42,0.3008225900151187,0.7520564750377967
SHEER,42,0.29962926962268055,0.7490731740567014
TFSM_DPC,42,0.300082575044357,0.7502064376108925
TRAIL,42,0.31020909435957045,0.7755227358989261
