algo,auc_norm_mean,auc_norm_std,n,auc_norm_ci95
ACTAR,0.7461196880699623,,1,
DST_WOA,0.7520564750377967,,1,
SHEER,0.7490731740567014,,1,
TFSM_DPC,0.7502064376108925,,1,
TRAIL,0.7755227358989261,,1,
