algo,auc_norm_mean,auc_norm_std,n,auc_norm_ci95
ACTAR,0.7528094798044359,0.005065703216940149,5,0.004440284644791674
DST_WOA,0.7651423304058328,0.005510781642293573,5,0.004830413085639932
SHEER,0.7521986684741708,0.005861121577116634,5,0.00513749957816284
TFSM_DPC,0.7553491022981482,0.0050174064597362485,5,0.00439795067056899
TRAIL,0.7791206894983159,0.003078095858722564,5,0.0026980699798947825
