algo,pdr_slope_mean,pdr_slope_std,n,pdr_slope_ci95
ACTAR,-0.7839849146512202,,1,
DST_WOA,-0.7627418379927601,,1,
SHEER,-0.7992776742114877,,1,
TFSM_DPC,-0.7736246437780743,,1,
TRAIL,-0.7587008923815514,,1,
