algo,pdr_slope_mean,pdr_slope_std,n,pdr_slope_ci95
ACTAR,-0.7827260874686326,0.023332780795272057,5,0.020452084113233328
DST_WOA,-0.7580210609660544,0.0054808010159081945,5,0.004804133907946487
SHEER,-0.8165846493058517,0.01441947368777748,5,0.012639225959330888
TFSM_DPC,-0.7875974171733613,0.014142376104271735,5,0.012396339218347938
TRAIL,-0.7870305285059138,0.01434827118802247,5,0.012576814216519802
