algo,pdr_slope_mean,pdr_slope_std,n,pdr_slope_ci95
ACTAR,-0.775032149850898,0.015037099116892712,5,0.01318059851743147
DST_WOA,-0.7660181512701458,0.01304770878876459,5,0.011436821010501233
SHEER,-0.8067942355580622,0.014582085667197223,5,0.012781761643786718
TFSM_DPC,-0.7919578081032393,0.015755581826456918,5,0.01381037637969504
TRAIL,-0.7908206493681438,0.012500190997714983,5,0.010956900506627676
