algo,pdr_mean,pdr_std,bpj_mean,bpj_std,overhead_mean,overhead_std,timely_overall_mean,timely_overall_std,n,pdr_ci95,bpj_ci95,overhead_ci95,timely_overall_ci95
ACTAR,0.7533948995717081,0.11323475466791406,1308.567934084983,122.17822572227514,0.1452475537776983,0.022216567753837967,0.674528425804614,0.14975027202421648,25,0.044388023829822314,47.89386448313186,0.008708894559504483,0.05870210663349286
DST_WOA,0.765643177086503,0.10956152447165471,1379.6441219605722,114.41672454640072,0.1422736877099716,0.02049224555146404,0.7020002890954862,0.1433323434975165,25,0.04294811759288865,44.85135602218908,0.008032960256173904,0.05618627865102647
SHEER,0.7525460129557782,0.11822200936224554,1340.633188896642,134.11654100244962,0.14759214300163173,0.023183247936962657,0.6751304362876792,0.15583550048816638,25,0.04634302767000025,52.57368407296025,0.009087833191289361,0.06108751619136123
TFSM_DPC,0.7564428799589124,0.11391519132064472,1249.7113653935844,97.36428307485122,0.14609179822318277,0.02164473547965582,0.6856980888581526,0.1487642380203346,25,0.04465475499769273,38.16679896534168,0.00848473630802508,0.05831558130397115
TRAIL,0.7800160531168523,0.11379774210416774,1385.6621522291334,72.80798073127454,0.1420754311283049,0.01884176476118528,0.7306972118335083,0.1439004030523302,25,0.04460871490483375,28.54072844665962,0.007385971786384629,0.056408957996513444
