algo,pdr_mean,pdr_std,bpj_mean,bpj_std,overhead_mean,overhead_std,timely_overall_mean,timely_overall_std,n,pdr_ci95,bpj_ci95,overhead_ci95,timely_overall_ci95
ACTAR,0.7568885573966402,0.11457608297537474,1309.1520833356597,125.2068088051,0.14464762782255355,0.022085467270945933,0.6796025926591674,0.1508322238271214,50,0.031758869891602565,34.70555675427098,0.006121779199800094,0.041808559409525034
DST_WOA,0.7653076587776323,0.11089431705529165,1372.7331546772316,116.45281558161541,0.1427614707668391,0.020650855115095776,0.7021856168333312,0.14491484910971794,50,0.03073833644526031,32.27907362972246,0.005724124998160569,0.040168346820041896
SHEER,0.7551212529402908,0.11678228765068312,1332.5172644180204,132.68207717172527,0.14745563280526988,0.02292446030262435,0.6789484387272907,0.15360960492721804,50,0.03237039862794821,36.77759543193715,0.006354336203330776,0.04257841017337357
TFSM_DPC,0.7588990410764108,0.113711780330778,1246.759756588547,97.48680384138918,0.14548771975406707,0.021642874787247152,0.6878155614936056,0.14860854598612325,50,0.03151929742129377,27.021963388400028,0.0059990988223620565,0.04119218735875177
TRAIL,0.7816294814991849,0.11287432162332416,1382.6683228401462,78.80300148601403,0.1418104815921706,0.018770065077877953,0.7318972551121111,0.1433475526372022,50,0.03128716571074008,21.843077597616727,0.005202796597553078,0.0397339144022144
