algo,pdr_mean,pdr_std,bpj_mean,bpj_std,overhead_mean,overhead_std,timely_overall_mean,timely_overall_std,n,pdr_ci95,bpj_ci95,overhead_ci95,timely_overall_ci95
ACTAR,0.7532264326269352,0.11203711453076803,1308.6581245363623,123.9383080463199,0.14510343719756905,0.022568222962249716,0.6735776033828345,0.14726501727576255,25,0.04391854889606107,48.583816754157404,0.008846743401201888,0.05772788677209891
DST_WOA,0.7651294350519346,0.11073357266597321,1383.1347254862592,115.48368446921455,0.14233582740347553,0.020753246630126773,0.7030730482430008,0.1445714693287691,25,0.043407560485061496,45.2696043119321,0.008135272679009695,0.05667201597687749
SHEER,0.7528812306896522,0.11669728353908487,1337.4622760737832,134.8470693975608,0.14762567055344847,0.023190334348075898,0.6760108670216084,0.153429126763632,25,0.04574533514732127,52.86005120384383,0.009090611064445751,0.06014421769134374
TFSM_DPC,0.7561651090172881,0.11455428811058284,1250.4461432223166,99.67283524437484,0.14578133140265487,0.021622582871863087,0.6836524438482566,0.15076054815724818,25,0.04490528093934847,39.071751415794935,0.00847605248577033,0.05909813487764128
TRAIL,0.7803729052746954,0.11430762971149772,1390.0841204354201,77.91902533651445,0.1419107006254717,0.019022363712263974,0.7305850215917505,0.1442502639196928,25,0.0448085908469071,30.544257931913666,0.007456766575207478,0.05654610345651958
