algo_tag,algo,FND,HND,LND,func_life_pdr85,drop_p,total_p,pdr,drop_rate,timely_transfer_rate,energy_rate,energy_per_delivered,throughput_bits_per_round,avg_ch_per_round,avg_cluster_size,avg_hops_to_bs,malicious_delay,malicious_drop,blacklisted_malicious,blacklisted_normal,false_blacklist_events,control_overhead_bits,rounds_run,seed
SHEER,SHEER,1276,1288,9516,300,14359,85606,0.8322664299231363,0.16773357007686374,0.9400395806139206,0.8871665050487415,0.000701374783355036,29948.29760403531,1.7854140395124,2.5795478542404773,1.0,2649,8588,16,0,0,37651000,9516,42
ACTAR,ACTAR,782,911,5463,300,14949,84561,0.8232163763437046,0.1767836236562954,0.932669654657243,0.8749361347215485,0.000717957667610121,50969.796814936846,2.1947647812557203,3.6109727409288097,1.6501321611216457,1576,11512,12,0,0,36229000,5463,42
TFSM_DPC,TFSM_DPC,693,1102,6965,300,13498,79842,0.8309411086896621,0.1690588913103379,0.9404919811889545,0.8889266414006147,0.0007531151127858833,38101.3639626705,2.041923905240488,3.1760862854940393,1.7981430121789461,1857,10090,14,0,0,34812600,6965,42
DST_WOA,DST_WOA,685,1685,6673,828,15413,87388,0.8236256694282967,0.17637433057170326,0.9429246266064606,0.8851240845433387,0.0006942976858457742,43144.0131874719,1.753634047654728,5.248264149058393,1.3838555053838137,1359,10574,11,0,0,37173400,6673,42
TRAIL,TRAIL,846,999,8373,1021,13078,85656,0.8473195106005417,0.15268048939945833,0.9631293229353247,0.9246173754732577,0.0006885135255752759,34672.39937895617,1.973725068673116,3.3376729872699054,1.2131637686351235,2246,5379,20,0,0,37588200,8373,42
