algo_tag,algo,FND,HND,LND,func_life_pdr85,drop_p,total_p,pdr,drop_rate,timely_transfer_rate,energy_rate,energy_per_delivered,throughput_bits_per_round,avg_ch_per_round,avg_cluster_size,avg_hops_to_bs,malicious_delay,malicious_drop,blacklisted_malicious,blacklisted_normal,false_blacklist_events,control_overhead_bits,rounds_run,seed
SHEER,SHEER,1273,1286,6213,1287,7258,83886,0.9134778151300574,0.08652218486994256,0.9724252231560265,0.941046409138823,0.0006522481478344717,49333.977144696604,2.253500724287784,2.945773071823289,1.0,1637,4388,6,0,0,36297800,6213,42
ACTAR,ACTAR,789,902,5024,1047,7296,81383,0.9103498273595223,0.0896501726404777,0.9676596433922281,0.9361928869171994,0.0006745486522969655,58986.46496815287,2.359275477707006,3.18051496395943,1.6506404632391647,1350,5470,5,0,0,34928800,5024,42
TFSM_DPC,TFSM_DPC,591,1054,4473,1148,7005,76347,0.9082478682855908,0.09175213171440921,0.9682587753453895,0.9385806445835375,0.0007189473530324085,62009.3896713615,2.713391459870333,3.5421239907988853,1.8392172132329612,1013,5375,8,0,0,32868000,4473,42
DST_WOA,DST_WOA,627,1642,4893,1207,7596,85374,0.9110267763019186,0.08897322369808136,0.974607215407956,0.9525222148929223,0.0006424610172564454,63583.07786633967,1.9952994073165746,6.922184753729818,1.3510761397824578,634,3809,7,0,0,36027600,4893,42
TRAIL,TRAIL,875,984,8043,1024,4851,79363,0.938875798545922,0.06112420145407804,0.990941056474125,0.9743145664411373,0.0006706364932544363,37056.8195946786,2.156409300012433,2.3069097027585728,1.2606828430319947,2100,1350,10,0,0,35123200,8043,42
