algo_tag,algo,FND,HND,LND,func_life_pdr85,drop_p,total_p,pdr,drop_rate,timely_transfer_rate,energy_rate,energy_per_delivered,throughput_bits_per_round,avg_ch_per_round,avg_cluster_size,avg_hops_to_bs,malicious_delay,malicious_drop,blacklisted_malicious,blacklisted_normal,false_blacklist_events,control_overhead_bits,rounds_run,seed
SHEER,SHEER,1357,1381,7505,300,39520,97657,0.5953183079553949,0.40468169204460513,0.773190911123725,0.6955551642079189,0.0008595143293536346,30985.74283810793,1.9253830779480345,4.516106722502457,1.0,2849,24932,38,0,0,41968400,7505,42
ACTAR,ACTAR,911,1029,5541,300,38603,94975,0.5935456699131351,0.40645433008686493,0.7735223160434258,0.6872536837804485,0.0008865225590467317,40694.459483847684,2.15592853275582,4.751454460035944,1.6123430071666784,2261,29752,24,0,0,40400600,5541,42
TFSM_DPC,TFSM_DPC,836,1286,4637,300,36354,91263,0.6016567502711943,0.39834324972880575,0.7910542898249832,0.7059250738911574,0.0009052267374969582,47365.96937675221,2.5175760189777874,6.369046124964148,1.7339416124861133,1918,26660,33,0,0,38854800,4637,42
DST_WOA,DST_WOA,771,1897,5139,300,39899,99637,0.5995563896945914,0.40044361030540865,0.8009642103853494,0.7086832080623812,0.0008366548949816012,46497.762210546796,1.992605565285075,7.770788739702924,1.3647259700693026,1695,27334,20,0,0,41905800,5139,42
TRAIL,TRAIL,784,1061,7080,881,37693,102406,0.6319258637189227,0.3680741362810773,0.852208984284456,0.7691474685441457,0.0007723461734820201,36561.016949152545,1.7007062146892655,8.2391977506403,1.0443187612998934,1854,18831,50,0,0,43421800,7080,42
