algo_tag,algo,FND,HND,LND,func_life_pdr85,drop_p,total_p,pdr,drop_rate,timely_transfer_rate,energy_rate,energy_per_delivered,throughput_bits_per_round,avg_ch_per_round,avg_cluster_size,avg_hops_to_bs,malicious_delay,malicious_drop,blacklisted_malicious,blacklisted_normal,false_blacklist_events,control_overhead_bits,rounds_run,seed
SHEER,SHEER,1318,1330,7462,300,23226,89441,0.7403204346999698,0.2596795653000302,0.8877897757305746,0.8116097760479125,0.0007547881487373195,35494.505494505494,2.0116590726346826,3.2553521971640427,1.0,2420,14877,19,0,0,38792000,7462,42
ACTAR,ACTAR,830,957,4183,300,23566,89426,0.7364748507145573,0.2635251492854427,0.8863346492559976,0.8087780385466466,0.0007588232444679111,62978.72340425532,2.522830504422663,5.336201992949545,1.6312025508654722,1393,18125,19,0,0,37891600,4183,42
TFSM_DPC,TFSM_DPC,747,1152,4510,300,21797,85289,0.7444336315351335,0.25556636846486647,0.896947646947647,0.8284569696491281,0.0007870619640526069,56312.19512195122,2.5521064301552108,5.649347063111084,1.76017451017451,1324,15905,24,0,0,36441000,4510,42
DST_WOA,DST_WOA,720,1731,6361,300,23375,91841,0.7454840430744438,0.2545159569255562,0.9098238541757953,0.8327790395788791,0.0007300323009497872,43053.6079232825,1.7822669391605093,6.010939055704034,1.36391785703853,1472,15091,14,0,0,38816000,6361,42
TRAIL,TRAIL,850,1008,7595,978,21247,91131,0.7668521139897511,0.23314788601024894,0.9333466887985805,0.8696589581155465,0.0007151273612822252,36805.266622778145,1.9432521395655036,4.822727541103988,1.1602226546849064,1970,9759,30,0,0,39416800,7595,42
